estimated_ticker,last_date,last_close,estimated_date,ticker
VFS,2024-04-02,7.1999998093,2024-04-03,SOFI
VFS,2024-04-03,7.5399999619,2024-04-04,SOFI
RIVN,2024-04-04,7.3099999428,2024-04-05,SOFI
SOS,2024-04-05,7.4000000954,2024-04-08,SOFI
RIVN,2024-04-08,7.7600002289,2024-04-09,SOFI
VFS,2024-04-09,7.8899998665,2024-04-10,SOFI
AMC,2024-04-10,7.5599999428,2024-04-11,SOFI
AMC,2024-04-11,7.6399998665,2024-04-12,SOFI
AMC,2024-04-12,7.3299999237,2024-04-15,SOFI
VFS,2024-04-15,7.1199998856,2024-04-16,SOFI
SOS,2024-04-16,7.1999998093,2024-04-17,SOFI
AMC,2024-04-17,7.1599998474,2024-04-18,SOFI
SNDL,2024-04-18,7.1300001144,2024-04-19,SOFI
AMC,2024-04-19,7.1100001335,2024-04-22,SOFI
GERN,2024-04-22,7.25,2024-04-23,SOFI
AMC,2024-04-23,7.5799999237,2024-04-24,SOFI
SNDL,2024-04-24,7.5999999046,2024-04-25,SOFI
RIVN,2024-04-25,7.5900001526,2024-04-26,SOFI
AMC,2024-04-26,7.8699998856,2024-04-29,SOFI
AEZS,2024-04-29,7.0450000763,2024-04-30,SOFI
AMC,2024-04-30,6.7800002098,2024-05-01,SOFI
AMC,2024-05-01,6.9200000763,2024-05-02,SOFI
AMC,2024-05-02,6.9899997711,2024-05-03,SOFI
AMC,2024-05-03,6.9600000381,2024-05-06,SOFI
AMC,2024-05-06,7.1599998474,2024-05-07,SOFI
SNDL,2024-05-07,7.0599999428,2024-05-08,SOFI
AMC,2024-05-08,7.0500001907,2024-05-09,SOFI
AMC,2024-05-09,7.0599999428,2024-05-10,SOFI
SNDL,2024-05-10,6.9400000572,2024-05-13,SOFI
AMC,2024-05-13,7.1100001335,2024-05-14,SOFI
AMC,2024-05-14,7.4699997902,2024-05-15,SOFI
AMC,2024-05-15,7.2699999809,2024-05-16,SOFI
AMC,2024-05-16,7.1199998856,2024-05-17,SOFI
AMC,2024-05-17,7.2800002098,2024-05-20,SOFI
AMC,2024-05-20,7.1900000572,2024-05-21,SOFI
ATER,2024-05-21,7.0799999237,2024-05-22,SOFI
AMC,2024-05-22,7.0199999809,2024-05-23,SOFI
SNDL,2024-05-23,6.8299999237,2024-05-24,SOFI
WISH,2024-05-24,6.9200000763,2024-05-28,SOFI
SNDL,2024-05-28,6.8899998665,2024-05-29,SOFI
AMC,2024-05-29,6.8499999046,2024-05-30,SOFI
AMC,2024-05-30,6.9099998474,2024-05-31,SOFI
AMC,2024-05-31,6.9000000954,2024-06-03,SOFI
AMC,2024-06-03,6.7699999809,2024-06-04,SOFI
AMC,2024-06-04,6.7199997902,2024-06-05,SOFI
AMC,2024-06-05,6.9099998474,2024-06-06,SOFI
AMC,2024-06-06,7.0799999237,2024-06-07,SOFI
AMC,2024-06-07,6.9899997711,2024-06-10,SOFI
RAD,2024-06-10,7.0300002098,2024-06-11,SOFI
NIO,2024-06-11,7.0,2024-06-12,SOFI
RAD,2024-06-12,7.0700001717,2024-06-13,SOFI
SNDL,2024-06-13,6.8000001907,2024-06-14,SOFI
GME,2024-06-14,6.4600000381,2024-06-17,SOFI
AMC,2024-06-17,6.4600000381,2024-06-18,SOFI
AMC,2024-06-18,6.4200000763,2024-06-20,SOFI
BBBYQ,2024-06-20,6.3200001717,2024-06-21,SOFI
AMC,2024-06-21,6.3200001717,2024-06-24,SOFI
AMC,2024-06-24,6.5399999619,2024-06-25,SOFI
AMC,2024-06-25,6.4499998093,2024-06-26,SOFI
AMC,2024-06-26,6.4600000381,2024-06-27,SOFI
AMC,2024-06-27,6.5399999619,2024-06-28,SOFI
VFS,2024-06-28,6.6100001335,2024-07-01,SOFI
AMC,2024-07-01,6.4299998283,2024-07-02,SOFI
AMC,2024-07-02,6.4499998093,2024-07-03,SOFI
AMC,2024-07-03,6.5199999809,2024-07-05,SOFI
INO,2024-07-05,6.4699997902,2024-07-08,SOFI
AMC,2024-07-08,6.3499999046,2024-07-09,SOFI
AMC,2024-07-09,6.3800001144,2024-07-10,SOFI
VFS,2024-07-10,6.5700001717,2024-07-11,SOFI
AMC,2024-07-11,6.7699999809,2024-07-12,SOFI
AMC,2024-07-12,6.9699997902,2024-07-15,SOFI
AMC,2024-07-15,7.3299999237,2024-07-16,SOFI
AMC,2024-07-16,7.75,2024-07-17,SOFI
SAVA,2024-07-17,7.8400001526,2024-07-18,SOFI
BBBY,2024-07-18,7.5300002098,2024-07-19,SOFI
VFS,2024-07-19,7.4699997902,2024-07-22,SOFI
AMC,2024-07-22,7.5399999619,2024-07-23,SOFI
GME,2024-07-23,7.4299998283,2024-07-24,SOFI
GME,2024-07-24,7.0999999046,2024-07-25,SOFI
GME,2024-07-25,7.2699999809,2024-07-26,SOFI
VFS,2024-07-26,7.4099998474,2024-07-29,SOFI
AMC,2024-07-29,7.3299999237,2024-07-30,SOFI
VFS,2024-07-30,7.4200000763,2024-07-31,SOFI
GME,2024-07-31,7.5399999619,2024-08-01,SOFI
AMC,2024-08-01,7.1599998474,2024-08-02,SOFI
AMC,2024-08-02,6.6500000954,2024-08-05,SOFI
VFS,2024-08-05,6.5399999619,2024-08-06,SOFI
AMC,2024-08-06,6.4299998283,2024-08-07,SOFI
AMC,2024-08-07,6.3200001717,2024-08-08,SOFI
TUP,2024-08-08,6.6399998665,2024-08-09,SOFI
BBBYQ,2024-08-09,6.6399998665,2024-08-12,SOFI
AMC,2024-08-12,6.4800000191,2024-08-13,SOFI
AMC,2024-08-13,6.6399998665,2024-08-14,SOFI
AMC,2024-08-14,6.6100001335,2024-08-15,SOFI
AMC,2024-08-15,6.9099998474,2024-08-16,SOFI
AMC,2024-08-16,7.0,2024-08-19,SOFI
RIVN,2024-08-19,7.4600000381,2024-08-20,SOFI
AMC,2024-08-20,7.3699998856,2024-08-21,SOFI
AMC,2024-08-21,7.3000001907,2024-08-22,SOFI
AMC,2024-08-22,7.1900000572,2024-08-23,SOFI
AMC,2024-08-23,7.5199999809,2024-08-26,SOFI
AMC,2024-08-26,7.6700000763,2024-08-27,SOFI
SNDL,2024-08-27,7.7699999809,2024-08-28,SOFI
AMC,2024-08-28,7.4899997711,2024-08-29,SOFI
TTOO,2024-08-29,8.029999733,2024-08-30,SOFI
AMC,2024-08-30,7.9899997711,2024-09-03,SOFI
AMC,2024-09-03,7.5300002098,2024-09-04,SOFI
GME,2024-09-04,7.4800000191,2024-09-05,SOFI
AMC,2024-09-05,7.2600002289,2024-09-06,SOFI
AMC,2024-09-06,7.0100002289,2024-09-09,SOFI
AMC,2024-09-09,7.0799999237,2024-09-10,SOFI
AMC,2024-09-10,7.0500001907,2024-09-11,SOFI
AMC,2024-09-11,7.3099999428,2024-09-12,SOFI
AMC,2024-09-12,7.4600000381,2024-09-13,SOFI
AMC,2024-09-13,7.7399997711,2024-09-16,SOFI
AMC,2024-09-16,8.0600004196,2024-09-17,SOFI
AMC,2024-09-17,8.1199998856,2024-09-18,SOFI
AMC,2024-09-18,8.1099996567,2024-09-19,SOFI
AMC,2024-09-19,8.1899995804,2024-09-20,SOFI
AMC,2024-09-20,8.0500001907,2024-09-23,SOFI
AMC,2024-09-23,7.9200000763,2024-09-24,SOFI
AMC,2024-09-24,7.8299999237,2024-09-25,SOFI
AMC,2024-09-25,7.7300000191,2024-09-26,SOFI
AMC,2024-09-26,7.7600002289,2024-09-27,SOFI
ATOS,2024-09-27,7.9499998093,2024-09-30,SOFI
AMC,2024-09-30,7.8600001335,2024-10-01,SOFI
AMC,2024-10-01,7.6300001144,2024-10-02,SOFI
AMC,2024-10-02,7.7899999619,2024-10-03,SOFI
AMC,2024-10-03,7.8299999237,2024-10-04,SOFI
SAVA,2024-10-04,8.3900003433,2024-10-07,SOFI
AMC,2024-10-07,8.2700004578,2024-10-08,SOFI
AMC,2024-10-08,8.4099998474,2024-10-09,SOFI
AMC,2024-10-09,8.5900001526,2024-10-10,SOFI
AMC,2024-10-10,8.6300001144,2024-10-11,SOFI
AMC,2024-10-11,9.0100002289,2024-10-14,SOFI
AMC,2024-10-14,10.0399999619,2024-10-15,SOFI
GME,2024-10-15,10.1800003052,2024-10-16,SOFI
AMC,2024-10-16,10.0399999619,2024-10-17,SOFI
AMC,2024-10-17,9.8699998856,2024-10-18,SOFI
AMC,2024-10-18,10.1800003052,2024-10-21,SOFI
BBBY,2024-10-21,10.3999996185,2024-10-22,SOFI
AMC,2024-10-22,10.5799999237,2024-10-23,SOFI
CRSP,2024-10-23,10.4200000763,2024-10-24,SOFI
MSTR,2024-10-24,10.9300003052,2024-10-25,SOFI
GME,2024-10-25,10.9899997711,2024-10-28,SOFI
AEON,2024-10-28,11.1899995804,2024-10-29,SOFI
BBBYQ,2024-10-29,10.470000267,2024-10-30,SOFI
GME,2024-10-30,11.220000267,2024-10-31,SOFI
AMC,2024-10-31,11.1700000763,2024-11-01,SOFI
AMC,2024-11-01,11.0399999619,2024-11-04,SOFI
AMC,2024-11-04,10.9099998474,2024-11-05,SOFI
TTOO,2024-11-05,11.4200000763,2024-11-06,SOFI
GME,2024-11-06,11.8100004196,2024-11-07,SOFI
GME,2024-11-07,11.8999996185,2024-11-08,SOFI
TTOO,2024-11-08,13.0100002289,2024-11-11,SOFI
AMC,2024-11-11,14.1099996567,2024-11-12,SOFI
GME,2024-11-12,13.8199996948,2024-11-13,SOFI
INO,2024-11-13,13.5,2024-11-14,SOFI
INO,2024-11-14,13.3999996185,2024-11-15,SOFI
GME,2024-11-15,13.6300001144,2024-11-18,SOFI
AMC,2024-11-18,13.9300003052,2024-11-19,SOFI
GME,2024-11-19,14.4200000763,2024-11-20,SOFI
OCGN,2024-11-20,14.6700000763,2024-11-21,SOFI
AMC,2024-11-21,15.0100002289,2024-11-22,SOFI
GME,2024-11-22,15.6000003815,2024-11-25,SOFI
AMC,2024-11-25,15.6999998093,2024-11-26,SOFI
GME,2024-11-26,15.4899997711,2024-11-27,SOFI
AMC,2024-11-27,16.1200008392,2024-11-29,SOFI
CRSP,2024-11-29,16.4099998474,2024-12-02,SOFI
IOVA,2024-12-02,15.9099998474,2024-12-03,SOFI
CRSP,2024-12-03,15.8800001144,2024-12-04,SOFI
MSTR,2024-12-04,16.3199996948,2024-12-05,SOFI
AMC,2024-12-05,15.6499996185,2024-12-06,SOFI
AMC,2024-12-06,16.0200004578,2024-12-09,SOFI
AMC,2024-12-09,15.5699996948,2024-12-10,SOFI
BNTX,2024-12-10,15.2899999619,2024-12-11,SOFI
BCRX,2024-12-11,15.9399995804,2024-12-12,SOFI
AXSM,2024-12-12,15.8999996185,2024-12-13,SOFI
AMC,2024-12-13,16.25,2024-12-16,SOFI
AMC,2024-12-16,16.8799991608,2024-12-17,SOFI
GME,2024-12-17,16.6599998474,2024-12-18,SOFI
AEON,2024-12-18,15.2399997711,2024-12-19,SOFI
AMC,2024-12-19,15.029999733,2024-12-20,SOFI
INO,2024-12-20,15.3500003815,2024-12-23,SOFI
BNTX,2024-12-23,15.6300001144,2024-12-24,SOFI
BNTX,2024-12-24,16.0200004578,2024-12-26,SOFI
LCID,2024-12-26,16.6000003815,2024-12-27,SOFI
RIVN,2024-12-27,15.9799995422,2024-12-30,SOFI
AMC,2024-12-30,15.6300001144,2024-12-31,SOFI
RIVN,2024-12-31,15.3999996185,2025-01-02,SOFI
NVAX,2025-01-02,14.1300001144,2025-01-03,SOFI
BIIB,2025-01-03,14.8400001526,2025-01-06,SOFI
GME,2025-01-06,15.2899999619,2025-01-07,SOFI
AMC,2025-01-07,14.9099998474,2025-01-08,SOFI
AMC,2025-01-08,14.5500001907,2025-01-10,SOFI
AMC,2025-01-10,14.1499996185,2025-01-13,SOFI
AMC,2025-01-13,14.0699996948,2025-01-14,SOFI
AMC,2025-01-14,14.5,2025-01-15,SOFI
AMC,2025-01-15,15.5100002289,2025-01-16,SOFI
AMC,2025-01-16,16.2999992371,2025-01-17,SOFI
MULN,2025-01-17,16.5,2025-01-21,SOFI
AMC,2025-01-21,17.8999996185,2025-01-22,SOFI
NVAX,2025-01-22,17.5900001526,2025-01-23,SOFI
GME,2025-01-23,18.0300006866,2025-01-24,SOFI
AMC,2025-01-24,17.9200000763,2025-01-27,SOFI
GME,2025-01-27,16.0799999237,2025-01-28,SOFI
AXSM,2025-01-28,16.1700000763,2025-01-29,SOFI
BEAM,2025-01-29,15.9899997711,2025-01-30,SOFI
AMC,2025-01-30,16.4400005341,2025-01-31,SOFI
GME,2025-01-31,15.779999733,2025-02-03,SOFI
AMC,2025-02-03,15.3999996185,2025-02-04,SOFI
AMC,2025-02-04,15.2899999619,2025-02-05,SOFI
CRSP,2025-02-05,15.4899997711,2025-02-06,SOFI
AXSM,2025-02-06,14.8000001907,2025-02-07,SOFI
AMC,2025-02-07,14.9099998474,2025-02-10,SOFI
AXSM,2025-02-10,15.1300001144,2025-02-11,SOFI
AMC,2025-02-11,14.8299999237,2025-02-12,SOFI
BEAM,2025-02-12,14.7700004578,2025-02-13,SOFI
IOVA,2025-02-13,15.1899995804,2025-02-14,SOFI
NVDA,2024-04-02,168.2312774658,2024-04-03,AAPL
NFLX,2024-04-03,169.0383453369,2024-04-04,AAPL
SNAP,2024-04-04,168.2113647461,2024-04-05,AAPL
NVDA,2024-04-05,168.9685974121,2024-04-08,AAPL
SNAP,2024-04-08,167.8426818848,2024-04-09,AAPL
NFLX,2024-04-09,169.0582733154,2024-04-10,AAPL
AAPL,2024-04-10,167.1750946045,2024-04-11,AAPL
NFLX,2024-04-11,174.4089202881,2024-04-12,AAPL
TSLA,2024-04-12,175.913482666,2024-04-15,AAPL
NVDA,2024-04-15,172.0673980713,2024-04-16,AAPL
AAPL,2024-04-16,168.7693328857,2024-04-17,AAPL
NVDA,2024-04-17,167.3943023682,2024-04-18,AAPL
NVDA,2024-04-18,166.4377441406,2024-04-19,AAPL
NVDA,2024-04-19,164.4051208496,2024-04-22,AAPL
TSLA,2024-04-22,165.2420806885,2024-04-23,AAPL
INTC,2024-04-23,166.2982635498,2024-04-24,AAPL
TSLA,2024-04-24,168.4106292725,2024-04-25,AAPL
TSLA,2024-04-25,169.2774963379,2024-04-26,AAPL
AAPL,2024-04-26,168.6896209717,2024-04-29,AAPL
AAPL,2024-04-29,172.8744659424,2024-04-30,AAPL
NFLX,2024-04-30,169.7158966064,2024-05-01,AAPL
AAPL,2024-05-01,168.6896209717,2024-05-02,AAPL
AAPL,2024-05-02,172.4061737061,2024-05-03,AAPL
AAPL,2024-05-03,182.7188568115,2024-05-06,AAPL
NVDA,2024-05-06,181.0548858643,2024-05-07,AAPL
NVDA,2024-05-07,181.7423858643,2024-05-08,AAPL
SHOP,2024-05-08,182.0811767578,2024-05-09,AAPL
NVDA,2024-05-09,183.9045715332,2024-05-10,AAPL
NVDA,2024-05-10,182.6374206543,2024-05-13,AAPL
NVDA,2024-05-13,185.8601531982,2024-05-14,AAPL
NVDA,2024-05-14,187.0075531006,2024-05-15,AAPL
NVDA,2024-05-15,189.2924041748,2024-05-16,AAPL
NFLX,2024-05-16,189.4121246338,2024-05-17,AAPL
NVDA,2024-05-17,189.4420623779,2024-05-20,AAPL
NVDA,2024-05-20,190.6094207764,2024-05-21,AAPL
NVDA,2024-05-21,191.9164733887,2024-05-22,AAPL
NVDA,2024-05-22,190.4697418213,2024-05-23,AAPL
NVDA,2024-05-23,186.4588012695,2024-05-24,AAPL
NVDA,2024-05-24,189.5518035889,2024-05-28,AAPL
NVDA,2024-05-28,189.5617980957,2024-05-29,AAPL
NVDA,2024-05-29,189.861114502,2024-05-30,AAPL
NVDA,2024-05-30,190.8588562012,2024-05-31,AAPL
NVDA,2024-05-31,191.816696167,2024-06-03,AAPL
NVDA,2024-06-03,193.592666626,2024-06-04,AAPL
NVDA,2024-06-04,193.9119567871,2024-06-05,AAPL
NVDA,2024-06-05,195.428527832,2024-06-06,AAPL
MSFT,2024-06-06,194.0416564941,2024-06-07,AAPL
NVDA,2024-06-07,196.4462432861,2024-06-10,AAPL
NVDA,2024-06-10,192.6847229004,2024-06-11,AAPL
NVDA,2024-06-11,206.6831054688,2024-06-12,AAPL
NVDA,2024-06-12,212.5897827148,2024-06-13,AAPL
NVDA,2024-06-13,213.7571411133,2024-06-14,AAPL
NVDA,2024-06-14,212.0110778809,2024-06-17,AAPL
NVDA,2024-06-17,216.1816558838,2024-06-18,AAPL
NVDA,2024-06-18,213.8070068359,2024-06-20,AAPL
NVDA,2024-06-20,209.2074127197,2024-06-21,AAPL
NVDA,2024-06-21,207.022354126,2024-06-24,AAPL
NVDA,2024-06-24,207.6708679199,2024-06-25,AAPL
NVDA,2024-06-25,208.5987854004,2024-06-26,AAPL
NVDA,2024-06-26,212.7693634033,2024-06-27,AAPL
NVDA,2024-06-27,213.6174621582,2024-06-28,AAPL
NVDA,2024-06-28,210.1452789307,2024-07-01,AAPL
NVDA,2024-07-01,216.2614746094,2024-07-02,AAPL
NVDA,2024-07-02,219.7735443115,2024-07-03,AAPL
NVDA,2024-07-03,221.0506591797,2024-07-05,AAPL
NVDA,2024-07-05,225.8298492432,2024-07-08,AAPL
NVDA,2024-07-08,227.3065338135,2024-07-09,AAPL
NVDA,2024-07-09,228.1645812988,2024-07-10,AAPL
NVDA,2024-07-10,232.4548797607,2024-07-11,AAPL
NVDA,2024-07-11,227.0570983887,2024-07-12,AAPL
NVDA,2024-07-12,230.0203857422,2024-07-15,AAPL
NVDA,2024-07-15,233.8716888428,2024-07-16,AAPL
NVDA,2024-07-16,234.2907562256,2024-07-17,AAPL
NVDA,2024-07-17,228.3641357422,2024-07-18,AAPL
AAPL,2024-07-18,223.6747131348,2024-07-19,AAPL
NVDA,2024-07-19,223.8044281006,2024-07-22,AAPL
NVDA,2024-07-22,223.4552307129,2024-07-23,AAPL
NVDA,2024-07-23,224.5028533936,2024-07-24,AAPL
NVDA,2024-07-24,218.0474243164,2024-07-25,AAPL
AAPL,2024-07-25,216.9998168945,2024-07-26,AAPL
NVDA,2024-07-26,217.46875,2024-07-29,AAPL
TSLA,2024-07-29,217.7481231689,2024-07-30,AAPL
NVDA,2024-07-30,218.306854248,2024-07-31,AAPL
NVDA,2024-07-31,221.5794677734,2024-08-01,AAPL
NVDA,2024-08-01,217.8678436279,2024-08-02,AAPL
NVDA,2024-08-02,219.3644561768,2024-08-05,AAPL
GOOGL,2024-08-05,208.7983398438,2024-08-06,AAPL
NVDA,2024-08-06,206.7629241943,2024-08-07,AAPL
NVDA,2024-08-07,209.3471069336,2024-08-08,AAPL
NVDA,2024-08-08,212.8292236328,2024-08-09,AAPL
NVDA,2024-08-09,215.7526397705,2024-08-12,AAPL
NVDA,2024-08-12,217.2909393311,2024-08-13,AAPL
NVDA,2024-08-13,221.0268249512,2024-08-14,AAPL
NVDA,2024-08-14,221.4763336182,2024-08-15,AAPL
TSLA,2024-08-15,224.4730377197,2024-08-16,AAPL
TSLA,2024-08-16,225.801574707,2024-08-19,AAPL
NVDA,2024-08-19,225.6417541504,2024-08-20,AAPL
TSLA,2024-08-20,226.2610626221,2024-08-21,AAPL
NVDA,2024-08-21,226.151184082,2024-08-22,AAPL
NVDA,2024-08-22,224.2832489014,2024-08-23,AAPL
NVDA,2024-08-23,226.5906982422,2024-08-26,AAPL
NVDA,2024-08-26,226.9303283691,2024-08-27,AAPL
NVDA,2024-08-27,227.7793884277,2024-08-28,AAPL
NVDA,2024-08-28,226.2410888672,2024-08-29,AAPL
AAPL,2024-08-29,229.5374603271,2024-08-30,AAPL
NVDA,2024-08-30,228.748336792,2024-09-03,AAPL
NVDA,2024-09-03,222.525177002,2024-09-04,AAPL
NVDA,2024-09-04,220.6072998047,2024-09-05,AAPL
NVDA,2024-09-05,222.1356048584,2024-09-06,AAPL
NVDA,2024-09-06,220.577331543,2024-09-09,AAPL
NVDA,2024-09-09,220.6672210693,2024-09-10,AAPL
NVDA,2024-09-10,219.8681030273,2024-09-11,AAPL
AAPL,2024-09-11,222.4152984619,2024-09-12,AAPL
AAPL,2024-09-12,222.525177002,2024-09-13,AAPL
NVDA,2024-09-13,222.2554779053,2024-09-16,AAPL
ADBE,2024-09-16,216.0822753906,2024-09-17,AAPL
NVDA,2024-09-17,216.5517425537,2024-09-18,AAPL
NVDA,2024-09-18,220.4474639893,2024-09-19,AAPL
NVDA,2024-09-19,228.6184692383,2024-09-20,AAPL
NVDA,2024-09-20,227.9492034912,2024-09-23,AAPL
NVDA,2024-09-23,226.2211151123,2024-09-24,AAPL
AAPL,2024-09-24,227.1201171875,2024-09-25,AAPL
NVDA,2024-09-25,226.1212158203,2024-09-26,AAPL
NVDA,2024-09-26,227.2699584961,2024-09-27,AAPL
TSLA,2024-09-27,227.5396575928,2024-09-30,AAPL
NVDA,2024-09-30,232.7439422607,2024-10-01,AAPL
NVDA,2024-10-01,225.9614105225,2024-10-02,AAPL
NVDA,2024-10-02,226.5307769775,2024-10-03,AAPL
NVDA,2024-10-03,225.4219818115,2024-10-04,AAPL
NVDA,2024-10-04,226.5507507324,2024-10-07,AAPL
AAPL,2024-10-07,221.4463653564,2024-10-08,AAPL
NVDA,2024-10-08,225.5218811035,2024-10-09,AAPL
AAPL,2024-10-09,229.2877349854,2024-10-10,AAPL
NVDA,2024-10-10,228.7882843018,2024-10-11,AAPL
NVDA,2024-10-11,227.2999267578,2024-10-14,AAPL
ADBE,2024-10-14,231.0458068848,2024-10-15,AAPL
AMD,2024-10-15,233.5930023193,2024-10-16,AAPL
TSLA,2024-10-16,231.5252685547,2024-10-17,AAPL
NVDA,2024-10-17,231.8948669434,2024-10-18,AAPL
NVDA,2024-10-18,234.7417297363,2024-10-21,AAPL
NVDA,2024-10-21,236.2201080322,2024-10-22,AAPL
NVDA,2024-10-22,235.6007995605,2024-10-23,AAPL
NVDA,2024-10-23,230.5063934326,2024-10-24,AAPL
NVDA,2024-10-24,230.316619873,2024-10-25,AAPL
NVDA,2024-10-25,231.1556854248,2024-10-28,AAPL
NVDA,2024-10-28,233.1434936523,2024-10-29,AAPL
NVDA,2024-10-29,233.413192749,2024-10-30,AAPL
AAPL,2024-10-30,229.8471221924,2024-10-31,AAPL
MSFT,2024-10-31,225.6617279053,2024-11-01,AAPL
NVDA,2024-11-01,222.6650238037,2024-11-04,AAPL
NVDA,2024-11-04,221.7660064697,2024-11-05,AAPL
AAPL,2024-11-05,223.2044219971,2024-11-06,AAPL
NVDA,2024-11-06,222.4752349854,2024-11-07,AAPL
AAPL,2024-11-07,227.2299957275,2024-11-08,AAPL
NVDA,2024-11-08,226.9600067139,2024-11-11,AAPL
AAPL,2024-11-11,224.2299957275,2024-11-12,AAPL
GOOGL,2024-11-12,224.2299957275,2024-11-13,AAPL
ADBE,2024-11-13,225.1199951172,2024-11-14,AAPL
NVDA,2024-11-14,228.2200012207,2024-11-15,AAPL
NVDA,2024-11-15,225.0,2024-11-18,AAPL
NVDA,2024-11-18,228.0200042725,2024-11-19,AAPL
AAPL,2024-11-19,228.2799987793,2024-11-20,AAPL
AAPL,2024-11-20,229.0,2024-11-21,AAPL
NVDA,2024-11-21,228.5200042725,2024-11-22,AAPL
AAPL,2024-11-22,229.8699951172,2024-11-25,AAPL
AAPL,2024-11-25,232.8699951172,2024-11-26,AAPL
AAPL,2024-11-26,235.0599975586,2024-11-27,AAPL
NVDA,2024-11-27,234.9299926758,2024-11-29,AAPL
MSFT,2024-11-29,237.3300018311,2024-12-02,AAPL
NVDA,2024-12-02,239.5899963379,2024-12-03,AAPL
NVDA,2024-12-03,242.6499938965,2024-12-04,AAPL
NVDA,2024-12-04,243.0099945068,2024-12-05,AAPL
NVDA,2024-12-05,243.0399932861,2024-12-06,AAPL
AAPL,2024-12-06,242.8399963379,2024-12-09,AAPL
NVDA,2024-12-09,246.75,2024-12-10,AAPL
NVDA,2024-12-10,247.7700042725,2024-12-11,AAPL
NVDA,2024-12-11,246.4900054932,2024-12-12,AAPL
NVDA,2024-12-12,247.9600067139,2024-12-13,AAPL
NVDA,2024-12-13,248.1300048828,2024-12-16,AAPL
NVDA,2024-12-16,251.0399932861,2024-12-17,AAPL
NVDA,2024-12-17,253.4799957275,2024-12-18,AAPL
NVDA,2024-12-18,248.0500030518,2024-12-19,AAPL
MSFT,2024-12-19,249.7899932861,2024-12-20,AAPL
AAPL,2024-12-20,254.4900054932,2024-12-23,AAPL
NVDA,2024-12-23,255.2700042725,2024-12-24,AAPL
NVDA,2024-12-24,258.200012207,2024-12-26,AAPL
NVDA,2024-12-26,259.0199890137,2024-12-27,AAPL
AAPL,2024-12-27,255.5899963379,2024-12-30,AAPL
NVDA,2024-12-30,252.1999969482,2024-12-31,AAPL
NVDA,2024-12-31,250.4199981689,2025-01-02,AAPL
NVDA,2025-01-02,243.8500061035,2025-01-03,AAPL
NVDA,2025-01-03,243.3600006104,2025-01-06,AAPL
NVDA,2025-01-06,245.0,2025-01-07,AAPL
NVDA,2025-01-07,242.2100067139,2025-01-08,AAPL
AAPL,2025-01-08,242.6999969482,2025-01-10,AAPL
NVDA,2025-01-10,236.8500061035,2025-01-13,AAPL
NVDA,2025-01-13,234.3999938965,2025-01-14,AAPL
TGT,2025-01-14,233.2799987793,2025-01-15,AAPL
AAPL,2025-01-15,237.8699951172,2025-01-16,AAPL
NVDA,2025-01-16,228.2599945068,2025-01-17,AAPL
NVDA,2025-01-17,229.9799957275,2025-01-21,AAPL
ADBE,2025-01-21,222.6399993896,2025-01-22,AAPL
NVDA,2025-01-22,223.8300018311,2025-01-23,AAPL
TSLA,2025-01-23,223.6600036621,2025-01-24,AAPL
NVDA,2025-01-24,222.7799987793,2025-01-27,AAPL
NVDA,2025-01-27,229.8600006104,2025-01-28,AAPL
TSLA,2025-01-28,238.2599945068,2025-01-29,AAPL
NVDA,2025-01-29,239.3600006104,2025-01-30,AAPL
TSLA,2025-01-30,237.5899963379,2025-01-31,AAPL
NET,2025-01-31,236.0,2025-02-03,AAPL
TSLA,2025-02-03,228.0099945068,2025-02-04,AAPL
NVDA,2025-02-04,232.8000030518,2025-02-05,AAPL
TSLA,2025-02-05,232.4700012207,2025-02-06,AAPL
NVDA,2025-02-06,233.2200012207,2025-02-07,AAPL
TSLA,2025-02-07,227.6300048828,2025-02-10,AAPL
NVDA,2025-02-10,227.6499938965,2025-02-11,AAPL
NVDA,2025-02-11,232.6199951172,2025-02-12,AAPL
NVDA,2025-02-12,236.8699951172,2025-02-13,AAPL
NVDA,2025-02-13,241.5299987793,2025-02-14,AAPL
NVDA,2024-04-02,64.6600036621,2024-04-03,PYPL
NVDA,2024-04-03,65.3399963379,2024-04-04,PYPL
NVDA,2024-04-04,64.5400009155,2024-04-05,PYPL
DOCU,2024-04-05,65.1500015259,2024-04-08,PYPL
AMD,2024-04-08,66.3399963379,2024-04-09,PYPL
NVDA,2024-04-09,67.0,2024-04-10,PYPL
AMD,2024-04-10,65.8799972534,2024-04-11,PYPL
NVDA,2024-04-11,65.8000030518,2024-04-12,PYPL
TSLA,2024-04-12,64.5899963379,2024-04-15,PYPL
TSLA,2024-04-15,63.5099983215,2024-04-16,PYPL
RIVN,2024-04-16,63.4300003052,2024-04-17,PYPL
RIVN,2024-04-17,63.2599983215,2024-04-18,PYPL
NVDA,2024-04-18,62.0999984741,2024-04-19,PYPL
TSLA,2024-04-19,62.3100013733,2024-04-22,PYPL
TSLA,2024-04-22,63.1899986267,2024-04-23,PYPL
TSLA,2024-04-23,64.4300003052,2024-04-24,PYPL
ETSY,2024-04-24,64.8399963379,2024-04-25,PYPL
INTC,2024-04-25,64.0999984741,2024-04-26,PYPL
TSLA,2024-04-26,65.9599990845,2024-04-29,PYPL
NFLX,2024-04-29,66.9899978638,2024-04-30,PYPL
MSFT,2024-04-30,67.9199981689,2024-05-01,PYPL
INTC,2024-05-01,66.1399993896,2024-05-02,PYPL
DAL,2024-05-02,66.9800033569,2024-05-03,PYPL
NFLX,2024-05-03,65.6999969482,2024-05-06,PYPL
F,2024-05-06,65.6100006104,2024-05-07,PYPL
BBY,2024-05-07,65.9199981689,2024-05-08,PYPL
LOW,2024-05-08,63.8100013733,2024-05-09,PYPL
F,2024-05-09,64.4499969482,2024-05-10,PYPL
F,2024-05-10,62.9300003052,2024-05-13,PYPL
NFLX,2024-05-13,63.9500007629,2024-05-14,PYPL
NFLX,2024-05-14,64.5800018311,2024-05-15,PYPL
NFLX,2024-05-15,63.9000015259,2024-05-16,PYPL
TGT,2024-05-16,64.0999984741,2024-05-17,PYPL
WBD,2024-05-17,64.4800033569,2024-05-20,PYPL
MU,2024-05-20,64.7699966431,2024-05-21,PYPL
NVDA,2024-05-21,64.0999984741,2024-05-22,PYPL
DELL,2024-05-22,62.1899986267,2024-05-23,PYPL
LCID,2024-05-23,61.5800018311,2024-05-24,PYPL
AMD,2024-05-24,61.6399993896,2024-05-28,PYPL
INTC,2024-05-28,62.1699981689,2024-05-29,PYPL
LOW,2024-05-29,61.0499992371,2024-05-30,PYPL
M,2024-05-30,62.5099983215,2024-05-31,PYPL
DKNG,2024-05-31,62.9900016785,2024-06-03,PYPL
INTC,2024-06-03,63.4599990845,2024-06-04,PYPL
BBY,2024-06-04,63.3300018311,2024-06-05,PYPL
ETSY,2024-06-05,63.5299987793,2024-06-06,PYPL
LULU,2024-06-06,67.0199966431,2024-06-07,PYPL
LULU,2024-06-07,67.3000030518,2024-06-10,PYPL
LCID,2024-06-10,67.0899963379,2024-06-11,PYPL
RH,2024-06-11,64.7699966431,2024-06-12,PYPL
RH,2024-06-12,63.4300003052,2024-06-13,PYPL
GME,2024-06-13,61.5400009155,2024-06-14,PYPL
ROKU,2024-06-14,60.6349983215,2024-06-17,PYPL
RH,2024-06-17,60.1300010681,2024-06-18,PYPL
NKE,2024-06-18,59.1199989319,2024-06-20,PYPL
MU,2024-06-20,59.7999992371,2024-06-21,PYPL
NVDA,2024-06-21,60.6100006104,2024-06-24,PYPL
NVDA,2024-06-24,59.4900016785,2024-06-25,PYPL
NIO,2024-06-25,59.3300018311,2024-06-26,PYPL
NIO,2024-06-26,58.2599983215,2024-06-27,PYPL
ETSY,2024-06-27,58.3699989319,2024-06-28,PYPL
BBY,2024-06-28,58.0299987793,2024-07-01,PYPL
NKE,2024-07-01,57.8100013733,2024-07-02,PYPL
NKE,2024-07-02,58.9700012207,2024-07-03,PYPL
MU,2024-07-03,59.6399993896,2024-07-05,PYPL
NVDA,2024-07-05,59.7599983215,2024-07-08,PYPL
NVDA,2024-07-08,59.0900001526,2024-07-09,PYPL
GME,2024-07-09,59.0,2024-07-10,PYPL
NVDA,2024-07-10,58.9000015259,2024-07-11,PYPL
NIO,2024-07-11,59.9900016785,2024-07-12,PYPL
MU,2024-07-12,60.2700004578,2024-07-15,PYPL
NVDA,2024-07-15,60.4700012207,2024-07-16,PYPL
NKE,2024-07-16,61.8100013733,2024-07-17,PYPL
NKE,2024-07-17,61.2400016785,2024-07-18,PYPL
NKE,2024-07-18,60.0,2024-07-19,PYPL
NKE,2024-07-19,59.3300018311,2024-07-22,PYPL
RIVN,2024-07-22,60.7700004578,2024-07-23,PYPL
NKE,2024-07-23,59.7099990845,2024-07-24,PYPL
MU,2024-07-24,58.0699996948,2024-07-25,PYPL
F,2024-07-25,57.2200012207,2024-07-26,PYPL
LUV,2024-07-26,58.2900009155,2024-07-29,PYPL
CLX,2024-07-29,58.9399986267,2024-07-30,PYPL
RH,2024-07-30,64.0,2024-07-31,PYPL
AMC,2024-07-31,65.7799987793,2024-08-01,PYPL
AMD,2024-08-01,65.3099975586,2024-08-02,PYPL
TSLA,2024-08-02,61.9799995422,2024-08-05,PYPL
ROKU,2024-08-05,60.4599990845,2024-08-06,PYPL
TSLA,2024-08-06,62.75,2024-08-07,PYPL
AMD,2024-08-07,62.7400016785,2024-08-08,PYPL
TSLA,2024-08-08,64.2799987793,2024-08-09,PYPL
NKE,2024-08-09,64.7200012207,2024-08-12,PYPL
TSLA,2024-08-12,63.4599990845,2024-08-13,PYPL
NVDA,2024-08-13,65.1100006104,2024-08-14,PYPL
NVDA,2024-08-14,66.1399993896,2024-08-15,PYPL
NVDA,2024-08-15,67.9400024414,2024-08-16,PYPL
AMD,2024-08-16,67.9599990845,2024-08-19,PYPL
NVDA,2024-08-19,69.4300003052,2024-08-20,PYPL
RIVN,2024-08-20,71.8899993896,2024-08-21,PYPL
TSLA,2024-08-21,71.4599990845,2024-08-22,PYPL
NVDA,2024-08-22,71.5199966431,2024-08-23,PYPL
TWLO,2024-08-23,71.6999969482,2024-08-26,PYPL
TSLA,2024-08-26,72.0400009155,2024-08-27,PYPL
RIVN,2024-08-27,71.5899963379,2024-08-28,PYPL
NVDA,2024-08-28,70.4300003052,2024-08-29,PYPL
NVDA,2024-08-29,73.1600036621,2024-08-30,PYPL
RIVN,2024-08-30,72.4300003052,2024-09-03,PYPL
NVDA,2024-09-03,72.0,2024-09-04,PYPL
NVDA,2024-09-04,72.6100006104,2024-09-05,PYPL
TSLA,2024-09-05,72.0299987793,2024-09-06,PYPL
TSLA,2024-09-06,68.8899993896,2024-09-09,PYPL
NVDA,2024-09-09,69.3499984741,2024-09-10,PYPL
NVDA,2024-09-10,68.8499984741,2024-09-11,PYPL
ROKU,2024-09-11,69.3499984741,2024-09-12,PYPL
DOCU,2024-09-12,70.3600006104,2024-09-13,PYPL
TSLA,2024-09-13,70.0999984741,2024-09-16,PYPL
NVDA,2024-09-16,71.0699996948,2024-09-17,PYPL
TSLA,2024-09-17,71.7699966431,2024-09-18,PYPL
TSLA,2024-09-18,73.1200027466,2024-09-19,PYPL
NVDA,2024-09-19,77.5699996948,2024-09-20,PYPL
NVDA,2024-09-20,76.7600021362,2024-09-23,PYPL
ROKU,2024-09-23,77.6699981689,2024-09-24,PYPL
NVDA,2024-09-24,78.3399963379,2024-09-25,PYPL
NVDA,2024-09-25,77.3600006104,2024-09-26,PYPL
NVDA,2024-09-26,80.0800018311,2024-09-27,PYPL
TSLA,2024-09-27,77.8799972534,2024-09-30,PYPL
TSLA,2024-09-30,78.0299987793,2024-10-01,PYPL
ROKU,2024-10-01,77.4700012207,2024-10-02,PYPL
RBLX,2024-10-02,77.4400024414,2024-10-03,PYPL
TSLA,2024-10-03,77.3099975586,2024-10-04,PYPL
RIVN,2024-10-04,79.3600006104,2024-10-07,PYPL
TSLA,2024-10-07,80.2600021362,2024-10-08,PYPL
NVDA,2024-10-08,81.1600036621,2024-10-09,PYPL
TSLA,2024-10-09,81.6500015259,2024-10-10,PYPL
NVDA,2024-10-10,78.9800033569,2024-10-11,PYPL
RIVN,2024-10-11,80.5100021362,2024-10-14,PYPL
ON,2024-10-14,80.6699981689,2024-10-15,PYPL
NVDA,2024-10-15,79.5500030518,2024-10-16,PYPL
RIVN,2024-10-16,80.8199996948,2024-10-17,PYPL
NVDA,2024-10-17,79.8199996948,2024-10-18,PYPL
TSLA,2024-10-18,80.9400024414,2024-10-21,PYPL
RIVN,2024-10-21,80.5599975586,2024-10-22,PYPL
NVDA,2024-10-22,80.9100036621,2024-10-23,PYPL
NVDA,2024-10-23,80.8300018311,2024-10-24,PYPL
TSLA,2024-10-24,81.3899993896,2024-10-25,PYPL
AMD,2024-10-25,81.6999969482,2024-10-28,PYPL
TSLA,2024-10-28,83.5899963379,2024-10-29,PYPL
NVDA,2024-10-29,80.2799987793,2024-10-30,PYPL
NVDA,2024-10-30,78.2200012207,2024-10-31,PYPL
NVDA,2024-10-31,79.3000030518,2024-11-01,PYPL
SNOW,2024-11-01,77.25,2024-11-04,PYPL
NFLX,2024-11-04,78.1299972534,2024-11-05,PYPL
ON,2024-11-05,79.25,2024-11-06,PYPL
AMD,2024-11-06,81.4100036621,2024-11-07,PYPL
NVDA,2024-11-07,81.3499984741,2024-11-08,PYPL
ADBE,2024-11-08,83.0100021362,2024-11-11,PYPL
NVDA,2024-11-11,86.9400024414,2024-11-12,PYPL
INTC,2024-11-12,86.4000015259,2024-11-13,PYPL
ROKU,2024-11-13,87.3099975586,2024-11-14,PYPL
FTNT,2024-11-14,85.7900009155,2024-11-15,PYPL
NVDA,2024-11-15,85.8300018311,2024-11-18,PYPL
ROKU,2024-11-18,84.6699981689,2024-11-19,PYPL
NVDA,2024-11-19,84.0899963379,2024-11-20,PYPL
NVDA,2024-11-20,84.7399978638,2024-11-21,PYPL
TSLA,2024-11-21,84.8199996948,2024-11-22,PYPL
NVDA,2024-11-22,86.7699966431,2024-11-25,PYPL
NVDA,2024-11-25,87.7699966431,2024-11-26,PYPL
INTC,2024-11-26,86.9400024414,2024-11-27,PYPL
AMD,2024-11-27,86.5699996948,2024-11-29,PYPL
TSLA,2024-11-29,86.7699966431,2024-12-02,PYPL
AMZN,2024-12-02,86.5299987793,2024-12-03,PYPL
AMD,2024-12-03,85.1399993896,2024-12-04,PYPL
NVDA,2024-12-04,89.3300018311,2024-12-05,PYPL
ROKU,2024-12-05,89.0449981689,2024-12-06,PYPL
NVDA,2024-12-06,89.8799972534,2024-12-09,PYPL
ROKU,2024-12-09,90.0,2024-12-10,PYPL
AMZN,2024-12-10,88.7600021362,2024-12-11,PYPL
NVDA,2024-12-11,90.75,2024-12-12,PYPL
NVDA,2024-12-12,89.4000015259,2024-12-13,PYPL
NVDA,2024-12-13,91.0199966431,2024-12-16,PYPL
AMZN,2024-12-16,91.3000030518,2024-12-17,PYPL
TSLA,2024-12-17,90.8600006104,2024-12-18,PYPL
ADBE,2024-12-18,85.4499969482,2024-12-19,PYPL
AMD,2024-12-19,86.7799987793,2024-12-20,PYPL
AXP,2024-12-20,87.1299972534,2024-12-23,PYPL
TSLA,2024-12-23,86.9000015259,2024-12-24,PYPL
AMD,2024-12-24,88.25,2024-12-26,PYPL
NVDA,2024-12-26,88.1399993896,2024-12-27,PYPL
NVDA,2024-12-27,86.8600006104,2024-12-30,PYPL
NVDA,2024-12-30,85.4300003052,2024-12-31,PYPL
ROKU,2024-12-31,85.3499984741,2025-01-02,PYPL
PYPL,2025-01-02,86.1800003052,2025-01-03,PYPL
RBLX,2025-01-03,87.5999984741,2025-01-06,PYPL
CRM,2025-01-06,89.5299987793,2025-01-07,PYPL
NVDA,2025-01-07,87.9700012207,2025-01-08,PYPL
TSLA,2025-01-08,87.9400024414,2025-01-10,PYPL
SNOW,2025-01-10,83.3600006104,2025-01-13,PYPL
TSLA,2025-01-13,83.9899978638,2025-01-14,PYPL
MSFT,2025-01-14,87.1800003052,2025-01-15,PYPL
TSLA,2025-01-15,89.6399993896,2025-01-16,PYPL
HPQ,2025-01-16,88.9199981689,2025-01-17,PYPL
TSLA,2025-01-17,91.8099975586,2025-01-21,PYPL
TSLA,2025-01-21,89.7699966431,2025-01-22,PYPL
SOFI,2025-01-22,89.8499984741,2025-01-23,PYPL
TSLA,2025-01-23,89.7300033569,2025-01-24,PYPL
PYPL,2025-01-24,89.1100006104,2025-01-27,PYPL
TSLA,2025-01-27,90.2399978638,2025-01-28,PYPL
INTC,2025-01-28,88.1900024414,2025-01-29,PYPL
TGT,2025-01-29,88.7600021362,2025-01-30,PYPL
F,2025-01-30,89.5699996948,2025-01-31,PYPL
SNAP,2025-01-31,88.5800018311,2025-02-03,PYPL
NVDA,2025-02-03,89.5100021362,2025-02-04,PYPL
TSLA,2025-02-04,77.7249984741,2025-02-05,PYPL
SNOW,2025-02-05,79.1999969482,2025-02-06,PYPL
TSLA,2025-02-06,78.5699996948,2025-02-07,PYPL
ROKU,2025-02-07,77.3099975586,2025-02-10,PYPL
PYPL,2025-02-10,78.2399978638,2025-02-11,PYPL
TSLA,2025-02-11,76.2099990845,2025-02-12,PYPL
TSLA,2025-02-12,76.2699966431,2025-02-13,PYPL
ROKU,2025-02-13,76.5899963379,2025-02-14,PYPL
GME,2024-04-02,19.2000007629,2024-04-03,HOOD
RIVN,2024-04-03,19.2099990845,2024-04-04,HOOD
GME,2024-04-04,18.4500007629,2024-04-05,HOOD
SOUN,2024-04-05,18.3999996185,2024-04-08,HOOD
GME,2024-04-08,18.5599994659,2024-04-09,HOOD
GME,2024-04-09,18.2999992371,2024-04-10,HOOD
GME,2024-04-10,18.3400001526,2024-04-11,HOOD
GME,2024-04-11,19.0,2024-04-12,HOOD
GME,2024-04-12,17.9699993134,2024-04-15,HOOD
GME,2024-04-15,17.1900005341,2024-04-16,HOOD
GME,2024-04-16,17.3099994659,2024-04-17,HOOD
GME,2024-04-17,17.0799999237,2024-04-18,HOOD
GME,2024-04-18,17.0799999237,2024-04-19,HOOD
IOVA,2024-04-19,16.6299991608,2024-04-22,HOOD
BBIG,2024-04-22,17.1900005341,2024-04-23,HOOD
BBBYQ,2024-04-23,17.6200008392,2024-04-24,HOOD
AMC,2024-04-24,17.3099994659,2024-04-25,HOOD
SAVA,2024-04-25,17.1200008392,2024-04-26,HOOD
RIVN,2024-04-26,17.8799991608,2024-04-29,HOOD
RIVN,2024-04-29,17.3400001526,2024-04-30,HOOD
RIVN,2024-04-30,16.4899997711,2024-05-01,HOOD
LCID,2024-05-01,16.6499996185,2024-05-02,HOOD
AMC,2024-05-02,17.6100006104,2024-05-03,HOOD
RIVN,2024-05-03,17.9500007629,2024-05-06,HOOD
AMC,2024-05-06,17.7800006866,2024-05-07,HOOD
RIVN,2024-05-07,17.9899997711,2024-05-08,HOOD
SOFI,2024-05-08,17.8500003815,2024-05-09,HOOD
HOOD,2024-05-09,17.2999992371,2024-05-10,HOOD
HOOD,2024-05-10,16.2299995422,2024-05-13,HOOD
AEHR,2024-05-13,16.8899993896,2024-05-14,HOOD
AMC,2024-05-14,18.0200004578,2024-05-15,HOOD
GME,2024-05-15,18.5200004578,2024-05-16,HOOD
GME,2024-05-16,17.8999996185,2024-05-17,HOOD
RIVN,2024-05-17,20.0900001526,2024-05-20,HOOD
GME,2024-05-20,20.8400001526,2024-05-21,HOOD
GME,2024-05-21,20.9599990845,2024-05-22,HOOD
BHVN,2024-05-22,19.6599998474,2024-05-23,HOOD
GME,2024-05-23,19.2399997711,2024-05-24,HOOD
GME,2024-05-24,20.5100002289,2024-05-28,HOOD
AMC,2024-05-28,20.4699993134,2024-05-29,HOOD
GME,2024-05-29,21.0849990845,2024-05-30,HOOD
GME,2024-05-30,21.8400001526,2024-05-31,HOOD
AMC,2024-05-31,20.8999996185,2024-06-03,HOOD
GME,2024-06-03,21.2800006866,2024-06-04,HOOD
GME,2024-06-04,20.7800006866,2024-06-05,HOOD
GME,2024-06-05,21.5699996948,2024-06-06,HOOD
GME,2024-06-06,22.9699993134,2024-06-07,HOOD
GME,2024-06-07,22.1800003052,2024-06-10,HOOD
GME,2024-06-10,23.4200000763,2024-06-11,HOOD
GME,2024-06-11,23.2199993134,2024-06-12,HOOD
GME,2024-06-12,23.7000007629,2024-06-13,HOOD
GME,2024-06-13,23.3099994659,2024-06-14,HOOD
GME,2024-06-14,22.4200000763,2024-06-17,HOOD
GME,2024-06-17,22.25,2024-06-18,HOOD
GME,2024-06-18,21.8600006104,2024-06-20,HOOD
AMC,2024-06-20,21.7299995422,2024-06-21,HOOD
GME,2024-06-21,22.2900009155,2024-06-24,HOOD
GME,2024-06-24,21.3700008392,2024-06-25,HOOD
GME,2024-06-25,22.1399993896,2024-06-26,HOOD
AFRM,2024-06-26,22.3099994659,2024-06-27,HOOD
GME,2024-06-27,22.5900001526,2024-06-28,HOOD
AMC,2024-06-28,22.7099990845,2024-07-01,HOOD
RH,2024-07-01,22.7900009155,2024-07-02,HOOD
TSLA,2024-07-02,22.4599990845,2024-07-03,HOOD
F,2024-07-03,22.8899993896,2024-07-05,HOOD
GME,2024-07-05,22.6800003052,2024-07-08,HOOD
FSR,2024-07-08,22.0900001526,2024-07-09,HOOD
RIVN,2024-07-09,22.6000003815,2024-07-10,HOOD
RH,2024-07-10,22.3199996948,2024-07-11,HOOD
PLUG,2024-07-11,22.0400009155,2024-07-12,HOOD
CROX,2024-07-12,22.2800006866,2024-07-15,HOOD
GME,2024-07-15,23.9400005341,2024-07-16,HOOD
RIVN,2024-07-16,24.6299991608,2024-07-17,HOOD
AMD,2024-07-17,24.1800003052,2024-07-18,HOOD
GME,2024-07-18,22.8299999237,2024-07-19,HOOD
GME,2024-07-19,23.4099998474,2024-07-22,HOOD
ROKU,2024-07-22,23.4200000763,2024-07-23,HOOD
GME,2024-07-23,22.8700008392,2024-07-24,HOOD
EXPR,2024-07-24,21.4099998474,2024-07-25,HOOD
RIVN,2024-07-25,21.1800003052,2024-07-26,HOOD
AMC,2024-07-26,21.2000007629,2024-07-29,HOOD
GME,2024-07-29,21.1800003052,2024-07-30,HOOD
AMC,2024-07-30,20.3999996185,2024-07-31,HOOD
RIVN,2024-07-31,20.5699996948,2024-08-01,HOOD
AMC,2024-08-01,20.2399997711,2024-08-02,HOOD
GME,2024-08-02,17.8799991608,2024-08-05,HOOD
GME,2024-08-05,16.4200000763,2024-08-06,HOOD
IBRX,2024-08-06,17.2099990845,2024-08-07,HOOD
VFS,2024-08-07,17.1200008392,2024-08-08,HOOD
BNTX,2024-08-08,17.7299995422,2024-08-09,HOOD
BBBYQ,2024-08-09,17.9200000763,2024-08-12,HOOD
AMC,2024-08-12,18.5400009155,2024-08-13,HOOD
AMC,2024-08-13,18.4099998474,2024-08-14,HOOD
BBBYQ,2024-08-14,18.6499996185,2024-08-15,HOOD
AMC,2024-08-15,19.5499992371,2024-08-16,HOOD
VFS,2024-08-16,19.9799995422,2024-08-19,HOOD
AMC,2024-08-19,20.2800006866,2024-08-20,HOOD
AMC,2024-08-20,19.8299999237,2024-08-21,HOOD
BBBYQ,2024-08-21,20.1800003052,2024-08-22,HOOD
HOOD,2024-08-22,19.8899993896,2024-08-23,HOOD
GME,2024-08-23,21.1200008392,2024-08-26,HOOD
HOOD,2024-08-26,20.9599990845,2024-08-27,HOOD
RIVN,2024-08-27,21.3600006104,2024-08-28,HOOD
AMC,2024-08-28,20.3199996948,2024-08-29,HOOD
GME,2024-08-29,20.1700000763,2024-08-30,HOOD
UPST,2024-08-30,20.1200008392,2024-09-03,HOOD
BNTX,2024-09-03,19.3700008392,2024-09-04,HOOD
GME,2024-09-04,19.1100006104,2024-09-05,HOOD
VFS,2024-09-05,19.6700000763,2024-09-06,HOOD
AMC,2024-09-06,18.9400005341,2024-09-09,HOOD
AMC,2024-09-09,19.6599998474,2024-09-10,HOOD
MRNA,2024-09-10,19.7000007629,2024-09-11,HOOD
LCID,2024-09-11,20.6399993896,2024-09-12,HOOD
SOFI,2024-09-12,21.6399993896,2024-09-13,HOOD
UPST,2024-09-13,22.0699996948,2024-09-16,HOOD
GME,2024-09-16,22.2099990845,2024-09-17,HOOD
RIVN,2024-09-17,22.6399993896,2024-09-18,HOOD
AMC,2024-09-18,22.9500007629,2024-09-19,HOOD
GME,2024-09-19,22.8099994659,2024-09-20,HOOD
AMC,2024-09-20,22.7299995422,2024-09-23,HOOD
FSR,2024-09-23,22.7000007629,2024-09-24,HOOD
ON,2024-09-24,22.7700004578,2024-09-25,HOOD
RIVN,2024-09-25,22.3899993896,2024-09-26,HOOD
ALNY,2024-09-26,22.4300003052,2024-09-27,HOOD
RIVN,2024-09-27,23.8899993896,2024-09-30,HOOD
TSLA,2024-09-30,23.4200000763,2024-10-01,HOOD
GME,2024-10-01,22.3299999237,2024-10-02,HOOD
LCID,2024-10-02,22.6299991608,2024-10-03,HOOD
GME,2024-10-03,22.4300003052,2024-10-04,HOOD
ROKU,2024-10-04,22.8899993896,2024-10-07,HOOD
RIVN,2024-10-07,23.3199996948,2024-10-08,HOOD
RIVN,2024-10-08,25.6100006104,2024-10-09,HOOD
AMD,2024-10-09,25.6499996185,2024-10-10,HOOD
MRNA,2024-10-10,25.5,2024-10-11,HOOD
CRSP,2024-10-11,26.2700004578,2024-10-14,HOOD
GME,2024-10-14,27.0,2024-10-15,HOOD
MSTR,2024-10-15,26.7999992371,2024-10-16,HOOD
RIVN,2024-10-16,26.9300003052,2024-10-17,HOOD
BCRX,2024-10-17,26.3199996948,2024-10-18,HOOD
AMC,2024-10-18,26.8299999237,2024-10-21,HOOD
GME,2024-10-21,26.9699993134,2024-10-22,HOOD
GME,2024-10-22,27.4099998474,2024-10-23,HOOD
BNTX,2024-10-23,26.7000007629,2024-10-24,HOOD
GME,2024-10-24,27.2199993134,2024-10-25,HOOD
SOUN,2024-10-25,27.0599994659,2024-10-28,HOOD
MRNA,2024-10-28,27.8799991608,2024-10-29,HOOD
GME,2024-10-29,28.0300006866,2024-10-30,HOOD
AMC,2024-10-30,28.2099990845,2024-10-31,HOOD
SNAP,2024-10-31,23.4899997711,2024-11-01,HOOD
ROKU,2024-11-01,23.9699993134,2024-11-04,HOOD
ROKU,2024-11-04,24.3199996948,2024-11-05,HOOD
SNAP,2024-11-05,24.9599990845,2024-11-06,HOOD
MRNA,2024-11-06,29.8600006104,2024-11-07,HOOD
TSLA,2024-11-07,29.3600006104,2024-11-08,HOOD
GME,2024-11-08,30.5400009155,2024-11-11,HOOD
AMC,2024-11-11,32.7999992371,2024-11-12,HOOD
GME,2024-11-12,33.0,2024-11-13,HOOD
AMC,2024-11-13,31.9099998474,2024-11-14,HOOD
GME,2024-11-14,32.2200012207,2024-11-15,HOOD
GME,2024-11-15,32.3199996948,2024-11-18,HOOD
GME,2024-11-18,35.0,2024-11-19,HOOD
EXEL,2024-11-19,35.2400016785,2024-11-20,HOOD
GME,2024-11-20,36.0800018311,2024-11-21,HOOD
GME,2024-11-21,35.0900001526,2024-11-22,HOOD
GME,2024-11-22,36.6500015259,2024-11-25,HOOD
COIN,2024-11-25,37.8499984741,2024-11-26,HOOD
GME,2024-11-26,36.4199981689,2024-11-27,HOOD
SOFI,2024-11-27,37.6500015259,2024-11-29,HOOD
MRNA,2024-11-29,37.5400009155,2024-12-02,HOOD
GME,2024-12-02,37.6199989319,2024-12-03,HOOD
RIVN,2024-12-03,38.6399993896,2024-12-04,HOOD
GME,2024-12-04,40.0,2024-12-05,HOOD
AMC,2024-12-05,38.9199981689,2024-12-06,HOOD
GME,2024-12-06,41.6699981689,2024-12-09,HOOD
AMC,2024-12-09,39.5400009155,2024-12-10,HOOD
RIVN,2024-12-10,37.3600006104,2024-12-11,HOOD
GME,2024-12-11,37.8400001526,2024-12-12,HOOD
AMC,2024-12-12,39.3300018311,2024-12-13,HOOD
NVDA,2024-12-13,40.2000007629,2024-12-16,HOOD
NVDA,2024-12-16,43.2000007629,2024-12-17,HOOD
CRSP,2024-12-17,41.6300010681,2024-12-18,HOOD
GME,2024-12-18,37.0800018311,2024-12-19,HOOD
RIVN,2024-12-19,36.9399986267,2024-12-20,HOOD
GME,2024-12-20,38.3300018311,2024-12-23,HOOD
CRSP,2024-12-23,37.5,2024-12-24,HOOD
NIO,2024-12-24,39.5800018311,2024-12-26,HOOD
MRNA,2024-12-26,40.3800010681,2024-12-27,HOOD
ETSY,2024-12-27,39.0200004578,2024-12-30,HOOD
MRNA,2024-12-30,38.2799987793,2024-12-31,HOOD
AEO,2024-12-31,37.2599983215,2025-01-02,HOOD
MRNA,2025-01-02,39.4399986267,2025-01-03,HOOD
ROKU,2025-01-03,41.3499984741,2025-01-06,HOOD
RIVN,2025-01-06,42.7099990845,2025-01-07,HOOD
TSLA,2025-01-07,40.5600013733,2025-01-08,HOOD
RIVN,2025-01-08,40.8100013733,2025-01-10,HOOD
LCID,2025-01-10,40.0800018311,2025-01-13,HOOD
RIVN,2025-01-13,39.5900001526,2025-01-14,HOOD
RIVN,2025-01-14,41.7599983215,2025-01-15,HOOD
MRNA,2025-01-15,45.5600013733,2025-01-16,HOOD
MRNA,2025-01-16,46.0800018311,2025-01-17,HOOD
RIVN,2025-01-17,48.1500015259,2025-01-21,HOOD
GME,2025-01-21,50.0,2025-01-22,HOOD
GME,2025-01-22,50.1599998474,2025-01-23,HOOD
GME,2025-01-23,50.3600006104,2025-01-24,HOOD
TSLA,2025-01-24,51.1199989319,2025-01-27,HOOD
GME,2025-01-27,47.7400016785,2025-01-28,HOOD
RIVN,2025-01-28,49.4000015259,2025-01-29,HOOD
MRNA,2025-01-29,51.1500015259,2025-01-30,HOOD
COIN,2025-01-30,53.0,2025-01-31,HOOD
MRNA,2025-01-31,51.9500007629,2025-02-03,HOOD
PLTR,2025-02-03,51.9000015259,2025-02-04,HOOD
TSLA,2025-02-04,52.5800018311,2025-02-05,HOOD
RIVN,2025-02-05,54.2000007629,2025-02-06,HOOD
TSLA,2025-02-06,53.1699981689,2025-02-07,HOOD
NVDA,2025-02-07,55.8600006104,2025-02-10,HOOD
AMD,2025-02-10,56.2700004578,2025-02-11,HOOD
CRSP,2025-02-11,53.3400001526,2025-02-12,HOOD
TSLA,2025-02-12,55.9099998474,2025-02-13,HOOD
CRSP,2025-02-13,63.7999992371,2025-02-14,HOOD
VFS,2024-04-02,14.9899997711,2024-04-03,HIMS
RIVN,2024-04-03,15.5100002289,2024-04-04,HIMS
GME,2024-04-04,14.6800003052,2024-04-05,HIMS
FUV,2024-04-05,14.5100002289,2024-04-08,HIMS
MVIS,2024-04-08,14.8800001144,2024-04-09,HIMS
GME,2024-04-09,14.5500001907,2024-04-10,HIMS
RIVN,2024-04-10,14.5500001907,2024-04-11,HIMS
RIVN,2024-04-11,14.6000003815,2024-04-12,HIMS
RIVN,2024-04-12,13.9600000381,2024-04-15,HIMS
VFS,2024-04-15,13.220000267,2024-04-16,HIMS
VFS,2024-04-16,12.6899995804,2024-04-17,HIMS
VFS,2024-04-17,12.4099998474,2024-04-18,HIMS
VFS,2024-04-18,12.3400001526,2024-04-19,HIMS
GME,2024-04-19,11.8999996185,2024-04-22,HIMS
AMC,2024-04-22,11.8800001144,2024-04-23,HIMS
VFS,2024-04-23,12.3299999237,2024-04-24,HIMS
VFS,2024-04-24,12.3400001526,2024-04-25,HIMS
AMC,2024-04-25,12.2700004578,2024-04-26,HIMS
RIVN,2024-04-26,12.5,2024-04-29,HIMS
RIVN,2024-04-29,12.5500001907,2024-04-30,HIMS
AMC,2024-04-30,12.529999733,2024-05-01,HIMS
NVAX,2024-05-01,12.5100002289,2024-05-02,HIMS
VFS,2024-05-02,12.2399997711,2024-05-03,HIMS
VFS,2024-05-03,11.2600002289,2024-05-06,HIMS
RIVN,2024-05-06,11.6499996185,2024-05-07,HIMS
VFS,2024-05-07,12.3500003815,2024-05-08,HIMS
RIVN,2024-05-08,12.1499996185,2024-05-09,HIMS
NKLA,2024-05-09,12.9200000763,2024-05-10,HIMS
UPST,2024-05-10,12.2899999619,2024-05-13,HIMS
AMC,2024-05-13,12.8900003433,2024-05-14,HIMS
RIVN,2024-05-14,13.7399997711,2024-05-15,HIMS
BBIG,2024-05-15,13.8400001526,2024-05-16,HIMS
GME,2024-05-16,14.0399999619,2024-05-17,HIMS
GME,2024-05-17,14.5699996948,2024-05-20,HIMS
AMC,2024-05-20,18.6000003815,2024-05-21,HIMS
GME,2024-05-21,17.5599994659,2024-05-22,HIMS
GME,2024-05-22,16.1700000763,2024-05-23,HIMS
GME,2024-05-23,15.8299999237,2024-05-24,HIMS
GME,2024-05-24,16.8799991608,2024-05-28,HIMS
GME,2024-05-28,19.1000003815,2024-05-29,HIMS
GME,2024-05-29,19.5799999237,2024-05-30,HIMS
GME,2024-05-30,20.3700008392,2024-05-31,HIMS
GME,2024-05-31,19.4200000763,2024-06-03,HIMS
GME,2024-06-03,20.4899997711,2024-06-04,HIMS
MVIS,2024-06-04,20.8299999237,2024-06-05,HIMS
GME,2024-06-05,21.75,2024-06-06,HIMS
GME,2024-06-06,21.5699996948,2024-06-07,HIMS
GME,2024-06-07,20.7900009155,2024-06-10,HIMS
AMC,2024-06-10,21.6200008392,2024-06-11,HIMS
GME,2024-06-11,22.0400009155,2024-06-12,HIMS
GME,2024-06-12,23.6800003052,2024-06-13,HIMS
GME,2024-06-13,24.3700008392,2024-06-14,HIMS
GME,2024-06-14,23.75,2024-06-17,HIMS
GME,2024-06-17,24.1499996185,2024-06-18,HIMS
GME,2024-06-18,24.7900009155,2024-06-20,HIMS
GME,2024-06-20,22.3899993896,2024-06-21,HIMS
GME,2024-06-21,22.1499996185,2024-06-24,HIMS
GME,2024-06-24,22.1499996185,2024-06-25,HIMS
GME,2024-06-25,23.1599998474,2024-06-26,HIMS
AMC,2024-06-26,21.5599994659,2024-06-27,HIMS
GME,2024-06-27,20.0200004578,2024-06-28,HIMS
GME,2024-06-28,20.1900005341,2024-07-01,HIMS
AMC,2024-07-01,21.4200000763,2024-07-02,HIMS
GME,2024-07-02,21.2099990845,2024-07-03,HIMS
AMC,2024-07-03,20.4899997711,2024-07-05,HIMS
GME,2024-07-05,20.7800006866,2024-07-08,HIMS
GME,2024-07-08,20.5100002289,2024-07-09,HIMS
GME,2024-07-09,20.6900005341,2024-07-10,HIMS
GME,2024-07-10,20.2099990845,2024-07-11,HIMS
GME,2024-07-11,21.0499992371,2024-07-12,HIMS
GME,2024-07-12,21.7199993134,2024-07-15,HIMS
AMC,2024-07-15,22.8400001526,2024-07-16,HIMS
GME,2024-07-16,23.1100006104,2024-07-17,HIMS
RIVN,2024-07-17,21.9899997711,2024-07-18,HIMS
AMC,2024-07-18,20.3700008392,2024-07-19,HIMS
BNTX,2024-07-19,19.4200000763,2024-07-22,HIMS
RIVN,2024-07-22,20.3400001526,2024-07-23,HIMS
VFS,2024-07-23,22.7700004578,2024-07-24,HIMS
RIVN,2024-07-24,22.5100002289,2024-07-25,HIMS
AMC,2024-07-25,23.25,2024-07-26,HIMS
GME,2024-07-26,21.7700004578,2024-07-29,HIMS
VFS,2024-07-29,21.7099990845,2024-07-30,HIMS
GME,2024-07-30,21.2000007629,2024-07-31,HIMS
AMC,2024-07-31,21.2399997711,2024-08-01,HIMS
BBIG,2024-08-01,18.5100002289,2024-08-02,HIMS
AMC,2024-08-02,17.5799999237,2024-08-05,HIMS
BNTX,2024-08-05,17.8400001526,2024-08-06,HIMS
AMC,2024-08-06,16.8799991608,2024-08-07,HIMS
AMC,2024-08-07,16.0400009155,2024-08-08,HIMS
NVAX,2024-08-08,15.8500003815,2024-08-09,HIMS
GME,2024-08-09,15.9600000381,2024-08-12,HIMS
BBBY,2024-08-12,15.970000267,2024-08-13,HIMS
GME,2024-08-13,15.9799995422,2024-08-14,HIMS
VXRT,2024-08-14,15.4300003052,2024-08-15,HIMS
GME,2024-08-15,15.7100000381,2024-08-16,HIMS
GME,2024-08-16,15.5799999237,2024-08-19,HIMS
GME,2024-08-19,16.5599994659,2024-08-20,HIMS
AMC,2024-08-20,16.5300006866,2024-08-21,HIMS
AMC,2024-08-21,16.5699996948,2024-08-22,HIMS
AMC,2024-08-22,16.4599990845,2024-08-23,HIMS
RIVN,2024-08-23,16.7299995422,2024-08-26,HIMS
HOOD,2024-08-26,16.0499992371,2024-08-27,HIMS
RIVN,2024-08-27,14.8400001526,2024-08-28,HIMS
RIVN,2024-08-28,14.6400003433,2024-08-29,HIMS
AMC,2024-08-29,14.7299995422,2024-08-30,HIMS
HOOD,2024-08-30,14.7299995422,2024-09-03,HIMS
LCID,2024-09-03,14.5,2024-09-04,HIMS
UPST,2024-09-04,14.6099996567,2024-09-05,HIMS
UPST,2024-09-05,14.4300003052,2024-09-06,HIMS
AMC,2024-09-06,13.6499996185,2024-09-09,HIMS
LCID,2024-09-09,13.970000267,2024-09-10,HIMS
SAGE,2024-09-10,14.529999733,2024-09-11,HIMS
UPST,2024-09-11,15.2700004578,2024-09-12,HIMS
AMC,2024-09-12,15.8199996948,2024-09-13,HIMS
GME,2024-09-13,16.5699996948,2024-09-16,HIMS
AMC,2024-09-16,16.2800006866,2024-09-17,HIMS
AMC,2024-09-17,16.1000003815,2024-09-18,HIMS
RIVN,2024-09-18,16.3099994659,2024-09-19,HIMS
RIVN,2024-09-19,16.9200000763,2024-09-20,HIMS
RIVN,2024-09-20,16.2999992371,2024-09-23,HIMS
AMC,2024-09-23,16.4400005341,2024-09-24,HIMS
SRPT,2024-09-24,17.2700004578,2024-09-25,HIMS
AMC,2024-09-25,17.2600002289,2024-09-26,HIMS
BNGO,2024-09-26,17.7099990845,2024-09-27,HIMS
RIVN,2024-09-27,17.7700004578,2024-09-30,HIMS
VFS,2024-09-30,18.4200000763,2024-10-01,HIMS
GME,2024-10-01,19.3099994659,2024-10-02,HIMS
GME,2024-10-02,18.9500007629,2024-10-03,HIMS
GME,2024-10-03,17.1299991608,2024-10-04,HIMS
RIVN,2024-10-04,17.6599998474,2024-10-07,HIMS
AMC,2024-10-07,19.4400005341,2024-10-08,HIMS
AMC,2024-10-08,18.75,2024-10-09,HIMS
AMC,2024-10-09,18.7299995422,2024-10-10,HIMS
GME,2024-10-10,17.8500003815,2024-10-11,HIMS
AMC,2024-10-11,18.6900005341,2024-10-14,HIMS
GME,2024-10-14,20.5,2024-10-15,HIMS
GME,2024-10-15,22.7999992371,2024-10-16,HIMS
AMC,2024-10-16,22.3600006104,2024-10-17,HIMS
GME,2024-10-17,21.5599994659,2024-10-18,HIMS
GME,2024-10-18,22.1499996185,2024-10-21,HIMS
GME,2024-10-21,23.0499992371,2024-10-22,HIMS
AMC,2024-10-22,23.5900001526,2024-10-23,HIMS
GME,2024-10-23,21.3799991608,2024-10-24,HIMS
AMC,2024-10-24,21.5200004578,2024-10-25,HIMS
GME,2024-10-25,21.7299995422,2024-10-28,HIMS
ALXO,2024-10-28,23.0799999237,2024-10-29,HIMS
AMC,2024-10-29,22.2399997711,2024-10-30,HIMS
RIVN,2024-10-30,19.0400009155,2024-10-31,HIMS
AMC,2024-10-31,18.8299999237,2024-11-01,HIMS
AMC,2024-11-01,20.3600006104,2024-11-04,HIMS
AMC,2024-11-04,20.7600002289,2024-11-05,HIMS
GME,2024-11-05,20.6399993896,2024-11-06,HIMS
GME,2024-11-06,23.4200000763,2024-11-07,HIMS
RIVN,2024-11-07,23.6200008392,2024-11-08,HIMS
BBIG,2024-11-08,23.4099998474,2024-11-11,HIMS
GME,2024-11-11,27.8799991608,2024-11-12,HIMS
GME,2024-11-12,26.6900005341,2024-11-13,HIMS
GME,2024-11-13,27.6000003815,2024-11-14,HIMS
BCRX,2024-11-14,20.8500003815,2024-11-15,HIMS
GME,2024-11-15,19.3199996948,2024-11-18,HIMS
AMC,2024-11-18,20.9899997711,2024-11-19,HIMS
GME,2024-11-19,23.5300006866,2024-11-20,HIMS
AMC,2024-11-20,21.7900009155,2024-11-21,HIMS
AMC,2024-11-21,24.1499996185,2024-11-22,HIMS
GME,2024-11-22,25.3299999237,2024-11-25,HIMS
AMC,2024-11-25,31.3500003815,2024-11-26,HIMS
GME,2024-11-26,30.6800003052,2024-11-27,HIMS
GME,2024-11-27,30.3400001526,2024-11-29,HIMS
GME,2024-11-29,32.2200012207,2024-12-02,HIMS
GME,2024-12-02,30.8500003815,2024-12-03,HIMS
GME,2024-12-03,32.2099990845,2024-12-04,HIMS
GME,2024-12-04,33.9199981689,2024-12-05,HIMS
AMC,2024-12-05,31.6000003815,2024-12-06,HIMS
GME,2024-12-06,34.2299995422,2024-12-09,HIMS
AMC,2024-12-09,32.6300010681,2024-12-10,HIMS
GME,2024-12-10,30.8700008392,2024-12-11,HIMS
GME,2024-12-11,30.1900005341,2024-12-12,HIMS
AMC,2024-12-12,30.0900001526,2024-12-13,HIMS
GME,2024-12-13,30.0200004578,2024-12-16,HIMS
RIVN,2024-12-16,31.25,2024-12-17,HIMS
AMC,2024-12-17,31.1200008392,2024-12-18,HIMS
IBRX,2024-12-18,28.5499992371,2024-12-19,HIMS
AXSM,2024-12-19,26.3600006104,2024-12-20,HIMS
BEAM,2024-12-20,26.2000007629,2024-12-23,HIMS
BIIB,2024-12-23,27.6000003815,2024-12-24,HIMS
GME,2024-12-24,28.1499996185,2024-12-26,HIMS
AMC,2024-12-26,28.4899997711,2024-12-27,HIMS
IBRX,2024-12-27,26.5599994659,2024-12-30,HIMS
AMC,2024-12-30,25.1700000763,2024-12-31,HIMS
LCID,2024-12-31,24.1800003052,2025-01-02,HIMS
AMC,2025-01-02,25.2000007629,2025-01-03,HIMS
GME,2025-01-03,26.6299991608,2025-01-06,HIMS
AMC,2025-01-06,26.8999996185,2025-01-07,HIMS
CRSP,2025-01-07,27.6700000763,2025-01-08,HIMS
GME,2025-01-08,25.7299995422,2025-01-10,HIMS
SOFI,2025-01-10,25.4099998474,2025-01-13,HIMS
LCID,2025-01-13,25.8999996185,2025-01-14,HIMS
LCID,2025-01-14,26.2099990845,2025-01-15,HIMS
RIVN,2025-01-15,27.8600006104,2025-01-16,HIMS
GME,2025-01-16,27.9400005341,2025-01-17,HIMS
RIVN,2025-01-17,27.8500003815,2025-01-21,HIMS
CRSP,2025-01-21,29.8099994659,2025-01-22,HIMS
CVNA,2025-01-22,29.7199993134,2025-01-23,HIMS
PTON,2025-01-23,30.8899993896,2025-01-24,HIMS
RIVN,2025-01-24,30.8700008392,2025-01-27,HIMS
TSLA,2025-01-27,30.5100002289,2025-01-28,HIMS
TSLA,2025-01-28,31.5400009155,2025-01-29,HIMS
TSLA,2025-01-29,31.8600006104,2025-01-30,HIMS
RIVN,2025-01-30,33.9599990845,2025-01-31,HIMS
GME,2025-01-31,37.2799987793,2025-02-03,HIMS
GME,2025-02-03,38.9300003052,2025-02-04,HIMS
GME,2025-02-04,41.8499984741,2025-02-05,HIMS
SOUN,2025-02-05,42.2000007629,2025-02-06,HIMS
GME,2025-02-06,40.4700012207,2025-02-07,HIMS
BCRX,2025-02-07,42.5499992371,2025-02-10,HIMS
GME,2025-02-10,44.7700004578,2025-02-11,HIMS
GME,2025-02-11,43.5800018311,2025-02-12,HIMS
GME,2025-02-12,46.3400001526,2025-02-13,HIMS
GME,2025-02-13,59.1800003052,2025-02-14,HIMS
